fonte,titulo,link
FINEP (Abertas),SELEÇÃO PÚBLICA MCTI/FINEP/FNDCT - Subvenção Econômica à Inovação - DESAFIOS TECNOLÓGICOS PARA AGRICULTURA FAMILIAR,http://www.finep.gov.br/chamadas-publicas/chamadapublica/769
FINEP (Abertas),PROINFRA 2025 EXPANSÃO,http://www.finep.gov.br/chamadas-publicas/chamadapublica/770
FINEP (Abertas),Pesquisa Aplicada Em Centros Temáticos 2025,http://www.finep.gov.br/chamadas-publicas/chamadapublica/768
FINEP (Abertas),PROCESSO DE SELEÇÃO Nº 01/2025 PARA CELEBRAÇÃO DE CONVÊNIO COM ENTIDADE FECHADA DE PREVIDÊNCIA COMPLEMENTAR - EFPC,http://www.finep.gov.br/chamadas-publicas/chamadapublica/765
FINEP (Abertas),FIP Bioeconomia e Sustentabilidade,http://www.finep.gov.br/chamadas-publicas/chamadapublica/762
FINEP (Abertas),Identidade Brasil – Recuperação e preservação de acervos 2025,http://www.finep.gov.br/chamadas-publicas/chamadapublica/763
FINEP (Abertas),CARTA CONVITE  - CT INFRA- IFES 002/2025,http://www.finep.gov.br/chamadas-publicas/chamadapublica/761
FINEP (Abertas),FIP Transição Energética e Descarbonização,http://www.finep.gov.br/chamadas-publicas/chamadapublica/760
CAPES (Editais),Editais e resultados CAPES,https://www.gov.br/capes/pt-br/assuntos/editais-e-resultados-capes
CAPES (Editais),Editais de chamamento público,https://www.gov.br/capes/pt-br/acesso-a-informacao/servico-de-informacao-ao-cidadao-sic/editais-de-chamamento-publico
CAPES (Editais),Resultados anteriores,https://www.gov.br/capes/pt-br/assuntos/editais-e-resultados-capes/resultados-anteriores
EMBRAPII,EMBRAPII e FAPESP selecionam pesquisa para financiamento,https://embrapii.org.br/chamadas-publicas/embrapii-e-fapesp-selecionam-pesquisa-para-financiamento/
EMBRAPII,Chamada Pública 01/2016 – RESULTADO FINAL,https://embrapii.org.br/chamadas-publicas/chamada-publica-01-2016-resultado-final/
EMBRAPII,Chamada Pública 01/2017 – RESULTADO FINAL,https://embrapii.org.br/chamadas-publicas/chamada-publica-01-2017-resultado-final/
EMBRAPII,Chamada Pública 02/2017 – RESULTADO FINAL,https://embrapii.org.br/chamadas-publicas/chamada-publica-02-2017-resultado-final/
EMBRAPII,CHAMADA PÚBLICA – 01/2020 – Resultado final,https://embrapii.org.br/chamadas-publicas/chamada-publica-01-2020-resultado-final/
EMBRAPII,CHAMADA PÚBLICA – 02/2020 – Resultado final,https://embrapii.org.br/chamadas-publicas/chamada-publica-02-2020-resultado-final/
EMBRAPII,Chamada Pública 03/2020 – Resultado Final,https://embrapii.org.br/chamadas-publicas/chamada-publica-03-2020-resultado-final/
EMBRAPII,CHAMADA PÚBLICA 04/2020 PROGRAMA ROTA 2030 – Resultado Final,https://embrapii.org.br/chamadas-publicas/chamada-publica-04-2020-programa-rota-2030-resultado-final/
EMBRAPII,Chamada 01/2021 – RESULTADO FINAL,https://embrapii.org.br/chamadas-publicas/chamada-01-2021-resultado-final/
EMBRAPII,Chamada 02/2021 – Resultado Final,https://embrapii.org.br/chamadas-publicas/chamada-02-2021-resultado-final/
EMBRAPII,Chamada 04/2021 – Resultado Final,https://embrapii.org.br/chamadas-publicas/chamada-04-2021-resultado-final/
EMBRAPII,CHAMADA PÚBLICA CENTRO DE COMPETÊNCIA 01/2022,https://embrapii.org.br/chamadas-publicas/chamada-publica-centro-de-competencia-01-2022/
EMBRAPII,Chamada 01/2022 – Resultado Final,https://embrapii.org.br/chamadas-publicas/chamada-01-2022-resultado-final/
EMBRAPII,CHAMADA 02/2022 MCTI – RESULTADO FINAL,https://embrapii.org.br/chamadas-publicas/chamada-02-2022-mcti-resultado-final/
EMBRAPII,CHAMADA PÚBLICA CENTRO DE COMPETÊNCIA 02/2022,https://embrapii.org.br/chamadas-publicas/chamada-publica-centro-de-competencia-02-2022/
EMBRAPII,Chamada EMBRAPII CENTRO DE COMPETÊNCIA 03/2022,https://embrapii.org.br/chamadas-publicas/chamada-embrapii-centro-de-competencia-03-2022/
EMBRAPII,Chamada Pública 03/2022 – RESULTADO FINAL,https://embrapii.org.br/chamadas-publicas/chamada-publica-03-2022-resultado-final/
EMBRAPII,CHAMADA PÚBLICA CENTRO DE COMPETÊNCIA 04/2022,https://embrapii.org.br/chamadas-publicas/chamada-publica-centro-de-competencia-04-2022/
EMBRAPII,CHAMADA PÚBLICA 04/2022 – Resultado Final,https://embrapii.org.br/chamadas-publicas/chamada-publica-04-2022-resultado-final/
EMBRAPII,CHAMADA PÚBLICA 05/2022 PARA CREDENCIAMENTO NO SISTEMA EMBRAPII – Resultado Preliminar,https://embrapii.org.br/chamadas-publicas/chamada-publica-05-2022-para-credenciamento-no-sistema-embrapii-resultado-preliminar/
EMBRAPII,Chamada Pública Unidades Embrapii nº 03/2025,https://embrapii.org.br/chamadas-publicas/chamada-publica-unidades-embrapii-no-03-2025/
EMBRAPII,Chamada Pública Centro de Competência Embrapii nº 03/2025,https://embrapii.org.br/chamadas-publicas/chamada-publica-centro-de-competencia-no-03-2025/
EMBRAPII,Chamada Pública Centro de Competência Embrapii nº 02/2025,https://embrapii.org.br/chamadas-publicas/chamada-publica-centro-de-competencia-embrapii-no-02-2025/
EMBRAPII,Chamada Pública Unidades Embrapii nº 02/2025,https://embrapii.org.br/chamadas-publicas/chamada-unidades-02-2025/
EMBRAPII,Chamada Pública Centro de Competência Embrapii nº 01/2025,https://embrapii.org.br/chamadas-publicas/chamada-publica-centro-de-competencia-embrapii-no-01-2025/
EMBRAPII,Chamada Pública Unidades Embrapii nº 01/2025,https://embrapii.org.br/chamadas-publicas/chamada-publica-unidades-embrapii-no-01-2025/
EMBRAPII,Chamada Pública para Capacitação em Maturidade para Grupos de Pesquisa em ICTs da Região Norte n°01/2026,https://embrapii.org.br/chamadas-publicas/chamada-publica-para-capacitacao-em-maturidade-para-grupos-de-pesquisa-em-icts-da-regiao-norte-n01-2026/
FINEP (Abertas),Finep Mais Inovação Brasil – Rodada 2 – Transformação Mineral,http://www.finep.gov.br/chamadas-publicas/chamadapublica/771
FINEP (Abertas),Finep Mais Inovação Brasil – Rodada 2 – Transição Energética,http://www.finep.gov.br/chamadas-publicas/chamadapublica/772
FINEP (Abertas),Finep Mais Inovação Brasil - Rodada 2 - Saúde / Empresas,http://www.finep.gov.br/chamadas-publicas/chamadapublica/773
FINEP (Abertas),FINEP MAIS INOVAÇÃO BRASIL – RODADA 2 – CADEIAS AGROINDUSTRIAIS SUSTENTÁVEIS,http://www.finep.gov.br/chamadas-publicas/chamadapublica/774
FINEP (Abertas),FINEP MAIS INOVAÇÃO BRASIL – RODADA 2 - BASE INDUSTRIAL DE DEFESA,http://www.finep.gov.br/chamadas-publicas/chamadapublica/775
FINEP (Abertas),Finep Mais Inovação Brasil - Rodada 2 - Subvenção Econômica Regional,http://www.finep.gov.br/chamadas-publicas/chamadapublica/776
FINEP (Abertas),Finep Mais Inovação Brasil – Rodada 2 – Economia Circular e Cidades Sustentáveis,http://www.finep.gov.br/chamadas-publicas/chamadapublica/777
FINEP (Abertas),Finep Mais Inovação Brasil – Rodada 2 – Mobilidade Sustentável,http://www.finep.gov.br/chamadas-publicas/chamadapublica/778
FINEP (Abertas),Finep Mais Inovação Brasil - Rodada 2 – Tecnologias Digitais,http://www.finep.gov.br/chamadas-publicas/chamadapublica/779
FINEP (Abertas),Finep Mais Inovação Brasil – Rodada 2 – Semicondutores,http://www.finep.gov.br/chamadas-publicas/chamadapublica/780
FINEP (Abertas),PRÊMIO MULHERES INOVADORAS  7ª EDIÇÃO – 2026,http://www.finep.gov.br/chamadas-publicas/chamadapublica/781
FINEP (Abertas),Ecossistema Tecnológico de Biorrefino,http://www.finep.gov.br/chamadas-publicas/chamadapublica/782
EMBRAPII,Chamada interna nº 01/2026 para a seleção de Unidades e  Centros de Competência Embrapii para atuação no Programa  Jornada do Conhecimento para pesquisadores de INCTs,https://embrapii.org.br/chamadas-publicas/chamada-interna-no-01-2026-para-a-selecao-de-unidades-e-centros-de-competencia-embrapii-para-atuacao-no-programa-jornada-do-conhecimento-para-pesquisadores-de-incts/
CAPES,Editais e resultados CAPES,/capes/pt-br/assuntos/editais-e-resultados-capes
CAPES,Chamada Pública para Envio de Proposta de Curso Novo - Edital nº 20/2026,/capes/pt-br/centrais-de-conteudo/editais/edital_2844920.pdf/@@display-file/file
CAPES,Edital Conjunto nº 5/2026 - Programa OBEDUC-EI - Observatório da Educação Especial Inclusiva,/capes/pt-br/centrais-de-conteudo/editais/edital-no-5.pdf/@@display-file/file
Hub de Economia e Clima,Atualização em Hub de Economia e Clima,https://hubdeeconomiaeclima.org.br/editais/
Hub de Economia e Clima,Atualização em Hub de Economia e Clima,https://hubdeeconomiaeclima.org.br/editais/
Hub de Economia e Clima,Atualização em Hub de Economia e Clima,https://hubdeeconomiaeclima.org.br/editais/
Hub de Economia e Clima,Atualização em Hub de Economia e Clima,https://hubdeeconomiaeclima.org.br/editais/
Hub de Economia e Clima,Atualização em Hub de Economia e Clima,https://hubdeeconomiaeclima.org.br/editais/
Hub de Economia e Clima,Atualização em Hub de Economia e Clima,https://hubdeeconomiaeclima.org.br/editais/
Hub de Economia e Clima,Atualização em Hub de Economia e Clima,https://hubdeeconomiaeclima.org.br/editais/
Hub de Economia e Clima,Atualização em Hub de Economia e Clima,https://hubdeeconomiaeclima.org.br/editais/
Hub de Economia e Clima,Atualização em Hub de Economia e Clima,https://hubdeeconomiaeclima.org.br/editais/
Hub de Economia e Clima,Atualização em Hub de Economia e Clima,https://hubdeeconomiaeclima.org.br/editais/
Hub de Economia e Clima,Atualização em Hub de Economia e Clima,https://hubdeeconomiaeclima.org.br/editais/
Hub de Economia e Clima,Atualização em Hub de Economia e Clima,https://hubdeeconomiaeclima.org.br/editais/
Hub de Economia e Clima,Atualização em Hub de Economia e Clima,https://hubdeeconomiaeclima.org.br/editais/
Hub de Economia e Clima,Atualização em Hub de Economia e Clima,https://hubdeeconomiaeclima.org.br/editais/
Hub de Economia e Clima,Atualização em Hub de Economia e Clima,https://hubdeeconomiaeclima.org.br/editais/
Hub de Economia e Clima,Atualização em Hub de Economia e Clima,https://hubdeeconomiaeclima.org.br/editais/
Hub de Economia e Clima,Atualização em Hub de Economia e Clima,https://hubdeeconomiaeclima.org.br/editais/
Hub de Economia e Clima,Atualização em Hub de Economia e Clima,https://hubdeeconomiaeclima.org.br/editais/
Hub de Economia e Clima,Atualização em Hub de Economia e Clima,https://hubdeeconomiaeclima.org.br/editais/
Hub de Economia e Clima,Atualização em Hub de Economia e Clima,https://hubdeeconomiaeclima.org.br/editais/
Hub de Economia e Clima,Atualização em Hub de Economia e Clima,https://hubdeeconomiaeclima.org.br/editais/
Hub de Economia e Clima,Atualização em Hub de Economia e Clima,https://hubdeeconomiaeclima.org.br/editais/
Hub de Economia e Clima,Atualização em Hub de Economia e Clima,https://hubdeeconomiaeclima.org.br/editais/
Hub de Economia e Clima,Atualização em Hub de Economia e Clima,https://hubdeeconomiaeclima.org.br/editais/
Hub de Economia e Clima,Atualização em Hub de Economia e Clima,https://hubdeeconomiaeclima.org.br/editais/
Hub de Economia e Clima,Atualização em Hub de Economia e Clima,https://hubdeeconomiaeclima.org.br/editais/
Hub de Economia e Clima,Atualização em Hub de Economia e Clima,https://hubdeeconomiaeclima.org.br/editais/
Hub de Economia e Clima,Atualização em Hub de Economia e Clima,https://hubdeeconomiaeclima.org.br/editais/
Hub de Economia e Clima,Atualização em Hub de Economia e Clima,https://hubdeeconomiaeclima.org.br/editais/
Hub de Economia e Clima,Atualização em Hub de Economia e Clima,https://hubdeeconomiaeclima.org.br/editais/
Hub de Economia e Clima,Atualização em Hub de Economia e Clima,https://hubdeeconomiaeclima.org.br/editais/
Hub de Economia e Clima,Atualização em Hub de Economia e Clima,https://hubdeeconomiaeclima.org.br/editais/
Hub de Economia e Clima,Atualização em Hub de Economia e Clima,https://hubdeeconomiaeclima.org.br/editais/
Hub de Economia e Clima,Atualização em Hub de Economia e Clima,https://hubdeeconomiaeclima.org.br/editais/
Hub de Economia e Clima,Atualização em Hub de Economia e Clima,https://hubdeeconomiaeclima.org.br/editais/
CAPES,Chamada Pública para Envio de Proposta de Curso Novo - Edital nº 20/2026,https://www.gov.br/capes/pt-br/centrais-de-conteudo/editais/edital_2844920.pdf/@@display-file/file
CAPES,Edital Conjunto nº 5/2026 - Programa OBEDUC-EI - Observatório da Educação Especial Inclusiva,https://www.gov.br/capes/pt-br/centrais-de-conteudo/editais/edital-no-5.pdf/@@display-file/file
Hub de Economia e Clima,Atualização em Hub de Economia e Clima,https://hubdeeconomiaeclima.org.br/editais/
Hub de Economia e Clima,Atualização em Hub de Economia e Clima,https://hubdeeconomiaeclima.org.br/editais/
Hub de Economia e Clima,Atualização em Hub de Economia e Clima,https://hubdeeconomiaeclima.org.br/editais/
Hub de Economia e Clima,Atualização em Hub de Economia e Clima,https://hubdeeconomiaeclima.org.br/editais/
Hub de Economia e Clima,Atualização em Hub de Economia e Clima,https://hubdeeconomiaeclima.org.br/editais/
Hub de Economia e Clima,Atualização em Hub de Economia e Clima,https://hubdeeconomiaeclima.org.br/editais/
Hub de Economia e Clima,Atualização em Hub de Economia e Clima,https://hubdeeconomiaeclima.org.br/editais/
Hub de Economia e Clima,Atualização em Hub de Economia e Clima,https://hubdeeconomiaeclima.org.br/editais/
Hub de Economia e Clima,Atualização em Hub de Economia e Clima,https://hubdeeconomiaeclima.org.br/editais/
Hub de Economia e Clima,Atualização em Hub de Economia e Clima,https://hubdeeconomiaeclima.org.br/editais/
Hub de Economia e Clima,Atualização em Hub de Economia e Clima,https://hubdeeconomiaeclima.org.br/editais/
Hub de Economia e Clima,Atualização em Hub de Economia e Clima,https://hubdeeconomiaeclima.org.br/editais/
Hub de Economia e Clima,Atualização em Hub de Economia e Clima,https://hubdeeconomiaeclima.org.br/editais/
Hub de Economia e Clima,Atualização em Hub de Economia e Clima,https://hubdeeconomiaeclima.org.br/editais/
Hub de Economia e Clima,Atualização em Hub de Economia e Clima,https://hubdeeconomiaeclima.org.br/editais/
Hub de Economia e Clima,Atualização em Hub de Economia e Clima,https://hubdeeconomiaeclima.org.br/editais/
Hub de Economia e Clima,Atualização em Hub de Economia e Clima,https://hubdeeconomiaeclima.org.br/editais/
Hub de Economia e Clima,Atualização em Hub de Economia e Clima,https://hubdeeconomiaeclima.org.br/editais/
Hub de Economia e Clima,Atualização em Hub de Economia e Clima,https://hubdeeconomiaeclima.org.br/editais/
Hub de Economia e Clima,Atualização em Hub de Economia e Clima,https://hubdeeconomiaeclima.org.br/editais/
Hub de Economia e Clima,Atualização em Hub de Economia e Clima,https://hubdeeconomiaeclima.org.br/editais/
Hub de Economia e Clima,Atualização em Hub de Economia e Clima,https://hubdeeconomiaeclima.org.br/editais/
Hub de Economia e Clima,Atualização em Hub de Economia e Clima,https://hubdeeconomiaeclima.org.br/editais/
Hub de Economia e Clima,Atualização em Hub de Economia e Clima,https://hubdeeconomiaeclima.org.br/editais/
Hub de Economia e Clima,Atualização em Hub de Economia e Clima,https://hubdeeconomiaeclima.org.br/editais/
Hub de Economia e Clima,Atualização em Hub de Economia e Clima,https://hubdeeconomiaeclima.org.br/editais/
Hub de Economia e Clima,Atualização em Hub de Economia e Clima,https://hubdeeconomiaeclima.org.br/editais/
Hub de Economia e Clima,Atualização em Hub de Economia e Clima,https://hubdeeconomiaeclima.org.br/editais/
Hub de Economia e Clima,Atualização em Hub de Economia e Clima,https://hubdeeconomiaeclima.org.br/editais/
Hub de Economia e Clima,Atualização em Hub de Economia e Clima,https://hubdeeconomiaeclima.org.br/editais/
Hub de Economia e Clima,Atualização em Hub de Economia e Clima,https://hubdeeconomiaeclima.org.br/editais/
Hub de Economia e Clima,Atualização em Hub de Economia e Clima,https://hubdeeconomiaeclima.org.br/editais/
Hub de Economia e Clima,Atualização em Hub de Economia e Clima,https://hubdeeconomiaeclima.org.br/editais/
Hub de Economia e Clima,Atualização em Hub de Economia e Clima,https://hubdeeconomiaeclima.org.br/editais/
Hub de Economia e Clima,Atualização em Hub de Economia e Clima,https://hubdeeconomiaeclima.org.br/editais/
Hub de Economia e Clima,Atualização em Hub de Economia e Clima,https://hubdeeconomiaeclima.org.br/editais/
Hub de Economia e Clima,Atualização em Hub de Economia e Clima,https://hubdeeconomiaeclima.org.br/editais/
Hub de Economia e Clima,Atualização em Hub de Economia e Clima,https://hubdeeconomiaeclima.org.br/editais/
Hub de Economia e Clima,Atualização em Hub de Economia e Clima,https://hubdeeconomiaeclima.org.br/editais/
Hub de Economia e Clima,Atualização em Hub de Economia e Clima,https://hubdeeconomiaeclima.org.br/editais/
Hub de Economia e Clima,Atualização em Hub de Economia e Clima,https://hubdeeconomiaeclima.org.br/editais/
Hub de Economia e Clima,Atualização em Hub de Economia e Clima,https://hubdeeconomiaeclima.org.br/editais/
Hub de Economia e Clima,Atualização em Hub de Economia e Clima,https://hubdeeconomiaeclima.org.br/editais/
Hub de Economia e Clima,Atualização em Hub de Economia e Clima,https://hubdeeconomiaeclima.org.br/editais/
Hub de Economia e Clima,Atualização em Hub de Economia e Clima,https://hubdeeconomiaeclima.org.br/editais/
Hub de Economia e Clima,Atualização em Hub de Economia e Clima,https://hubdeeconomiaeclima.org.br/editais/
Hub de Economia e Clima,Atualização em Hub de Economia e Clima,https://hubdeeconomiaeclima.org.br/editais/
Hub de Economia e Clima,Atualização em Hub de Economia e Clima,https://hubdeeconomiaeclima.org.br/editais/
Hub de Economia e Clima,Atualização em Hub de Economia e Clima,https://hubdeeconomiaeclima.org.br/editais/
Hub de Economia e Clima,Atualização em Hub de Economia e Clima,https://hubdeeconomiaeclima.org.br/editais/
Hub de Economia e Clima,Atualização em Hub de Economia e Clima,https://hubdeeconomiaeclima.org.br/editais/
Hub de Economia e Clima,Atualização em Hub de Economia e Clima,https://hubdeeconomiaeclima.org.br/editais/
Hub de Economia e Clima,Atualização em Hub de Economia e Clima,https://hubdeeconomiaeclima.org.br/editais/
Hub de Economia e Clima,Atualização em Hub de Economia e Clima,https://hubdeeconomiaeclima.org.br/editais/
Hub de Economia e Clima,Atualização em Hub de Economia e Clima,https://hubdeeconomiaeclima.org.br/editais/
Hub de Economia e Clima,Atualização em Hub de Economia e Clima,https://hubdeeconomiaeclima.org.br/editais/
Hub de Economia e Clima,Atualização em Hub de Economia e Clima,https://hubdeeconomiaeclima.org.br/editais/
Hub de Economia e Clima,Atualização em Hub de Economia e Clima,https://hubdeeconomiaeclima.org.br/editais/
Hub de Economia e Clima,Atualização em Hub de Economia e Clima,https://hubdeeconomiaeclima.org.br/editais/
Hub de Economia e Clima,Atualização em Hub de Economia e Clima,https://hubdeeconomiaeclima.org.br/editais/
Hub de Economia e Clima,Atualização em Hub de Economia e Clima,https://hubdeeconomiaeclima.org.br/editais/
Hub de Economia e Clima,Atualização em Hub de Economia e Clima,https://hubdeeconomiaeclima.org.br/editais/
Hub de Economia e Clima,Atualização em Hub de Economia e Clima,https://hubdeeconomiaeclima.org.br/editais/
Hub de Economia e Clima,Atualização em Hub de Economia e Clima,https://hubdeeconomiaeclima.org.br/editais/
Hub de Economia e Clima,Atualização em Hub de Economia e Clima,https://hubdeeconomiaeclima.org.br/editais/
Hub de Economia e Clima,Atualização em Hub de Economia e Clima,https://hubdeeconomiaeclima.org.br/editais/
Hub de Economia e Clima,Atualização em Hub de Economia e Clima,https://hubdeeconomiaeclima.org.br/editais/
Hub de Economia e Clima,Atualização em Hub de Economia e Clima,https://hubdeeconomiaeclima.org.br/editais/
Hub de Economia e Clima,Atualização em Hub de Economia e Clima,https://hubdeeconomiaeclima.org.br/editais/
Hub de Economia e Clima,Atualização em Hub de Economia e Clima,https://hubdeeconomiaeclima.org.br/editais/
Hub de Economia e Clima,Atualização em Hub de Economia e Clima,https://hubdeeconomiaeclima.org.br/editais/
Hub de Economia e Clima,Atualização em Hub de Economia e Clima,https://hubdeeconomiaeclima.org.br/editais/
Hub de Economia e Clima,Atualização em Hub de Economia e Clima,https://hubdeeconomiaeclima.org.br/editais/
Hub de Economia e Clima,Atualização em Hub de Economia e Clima,https://hubdeeconomiaeclima.org.br/editais/
CNPq,Chamadas Abertas,https://www.gov.br/cnpq/pt-br/chamadas/abertas-para-submissao
CNPq,Chamadas em Análise,https://www.gov.br/cnpq/pt-br/chamadas/analise-em-andamento
CNPq,Busca de Chamadas Abertas para Submissão de Propostas,https://www.gov.br/cnpq/pt-br/chamadas/Busca_abertas
CNPq,"Chamada CNPq/CT-Biotec/FNDCT/MCTI Nº 24/2026 - Apoio à Pesquisa, Desenvolvimento e Inovação em Biotecnologia",https://www.gov.br/cnpq/pt-br/chamadas/todas-as-chamadas/chamadas-2026/chamada-no-24-2026/chamada-publica-cnpq-N-24-2026
CNPq,Compartilhe por Facebook,http://www.facebook.com/sharer.php?u=https://www.gov.br/cnpq/pt-br/chamadas/todas-as-chamadas/chamadas-2026/chamada-no-24-2026/chamada-publica-cnpq-N-24-2026
CNPq,Compartilhe por Twitter,https://twitter.com/share?text=Chamada%20CNPq/CT-Biotec/FNDCT/MCTI%20N%C2%BA%2024/2026%20-%20Apoio%20%C3%A0%20Pesquisa%2C%20Desenvolvimento%20e%20Inova%C3%A7%C3%A3o%20em%20Biotecnologia&url=https://www.gov.br/cnpq/resolveuid/1d96b0b3d6df4f4baa56a4d650b47f42
CNPq,Compartilhe por LinkedIn,https://www.linkedin.com/shareArticle?mini=true&url=https://www.gov.br/cnpq/pt-br/chamadas/todas-as-chamadas/chamadas-2026/chamada-no-24-2026/chamada-publica-cnpq-N-24-2026&title=Chamada%20CNPq/CT-Biotec/FNDCT/MCTI%20N%C2%BA%2024/2026%20-%20Apoio%20%C3%A0%20Pesquisa%2C%20Desenvolvimento%20e%20Inova%C3%A7%C3%A3o%20em%20Biotecnologia
CNPq,Compartilhe por WhatsApp,https://api.whatsapp.com/send?text=https://www.gov.br/cnpq/pt-br/chamadas/todas-as-chamadas/chamadas-2026/chamada-no-24-2026/chamada-publica-cnpq-N-24-2026
CNPq,Chamada CNPq/MCTI nº 25/2026 - Endometriose e Saúde Menstrual,https://www.gov.br/cnpq/pt-br/chamadas/todas-as-chamadas/chamadas-2026/chamada-no-25-2026/chamada-publica-cnpq-N-25-2026
CNPq,Compartilhe por Facebook,http://www.facebook.com/sharer.php?u=https://www.gov.br/cnpq/pt-br/chamadas/todas-as-chamadas/chamadas-2026/chamada-no-25-2026/chamada-publica-cnpq-N-25-2026
CNPq,Compartilhe por Twitter,https://twitter.com/share?text=Chamada%20CNPq/MCTI%20n%C2%BA%2025/2026%20-%20Endometriose%20e%20Sa%C3%BAde%20Menstrual&url=https://www.gov.br/cnpq/resolveuid/b5b102b1f8a449d3858122eec37c9a67
CNPq,Compartilhe por LinkedIn,https://www.linkedin.com/shareArticle?mini=true&url=https://www.gov.br/cnpq/pt-br/chamadas/todas-as-chamadas/chamadas-2026/chamada-no-25-2026/chamada-publica-cnpq-N-25-2026&title=Chamada%20CNPq/MCTI%20n%C2%BA%2025/2026%20-%20Endometriose%20e%20Sa%C3%BAde%20Menstrual
CNPq,Compartilhe por WhatsApp,https://api.whatsapp.com/send?text=https://www.gov.br/cnpq/pt-br/chamadas/todas-as-chamadas/chamadas-2026/chamada-no-25-2026/chamada-publica-cnpq-N-25-2026
CNPq,Anexo I - Modelo de Projeto (Word),https://www.gov.br/cnpq/pt-br/chamadas/todas-as-chamadas/chamadas-2026/chamada-no-25-2026/AnexoIProjetodePesquisaChamadaEndometrioseeSadeMenstrual.docx
CNPq,Anexo I - Modelo de Projeto (PDF),https://www.gov.br/cnpq/pt-br/chamadas/todas-as-chamadas/chamadas-2026/chamada-no-25-2026/AnexoIProjetodePesquisaChamada252026.pdf
CNPq,Chamada CNPq/MinC nº 17/2026 - Apoio ao funcionamento de incubadoras voltadas à Economia Criativa,https://www.gov.br/cnpq/pt-br/chamadas/todas-as-chamadas/chamadas-2026/chamada-no-17-2026/chamada-publica-cnpq-N-17-2026
CNPq,Compartilhe por Facebook,http://www.facebook.com/sharer.php?u=https://www.gov.br/cnpq/pt-br/chamadas/todas-as-chamadas/chamadas-2026/chamada-no-17-2026/chamada-publica-cnpq-N-17-2026
CNPq,Compartilhe por Twitter,https://twitter.com/share?text=Chamada%20CNPq/MinC%20n%C2%BA%2017/2026%20-%20Apoio%20ao%20funcionamento%20de%20incubadoras%20voltadas%20%C3%A0%20Economia%20Criativa&url=https://www.gov.br/cnpq/resolveuid/ef3a3167c2b149eeab4edda026cb1d95
CNPq,Compartilhe por LinkedIn,https://www.linkedin.com/shareArticle?mini=true&url=https://www.gov.br/cnpq/pt-br/chamadas/todas-as-chamadas/chamadas-2026/chamada-no-17-2026/chamada-publica-cnpq-N-17-2026&title=Chamada%20CNPq/MinC%20n%C2%BA%2017/2026%20-%20Apoio%20ao%20funcionamento%20de%20incubadoras%20voltadas%20%C3%A0%20Economia%20Criativa
CNPq,Compartilhe por WhatsApp,https://api.whatsapp.com/send?text=https://www.gov.br/cnpq/pt-br/chamadas/todas-as-chamadas/chamadas-2026/chamada-no-17-2026/chamada-publica-cnpq-N-17-2026
CNPq,Chamada Pública CNPq N° 07/2026 - Programa Institucional de Bolsas de Pós-Graduação (PIBPG),https://www.gov.br/cnpq/pt-br/chamadas/todas-as-chamadas/chamadas-2026/chamada-no-07-2026/chamada-publica-cnpq-N-07-2026
CNPq,Compartilhe por Facebook,http://www.facebook.com/sharer.php?u=https://www.gov.br/cnpq/pt-br/chamadas/todas-as-chamadas/chamadas-2026/chamada-no-07-2026/chamada-publica-cnpq-N-07-2026
CNPq,Compartilhe por Twitter,https://twitter.com/share?text=Chamada%20P%C3%BAblica%20CNPq%20N%C2%B0%2007/2026%20-%20Programa%20Institucional%20de%20Bolsas%20de%20P%C3%B3s-Gradua%C3%A7%C3%A3o%20%28PIBPG%29&url=https://www.gov.br/cnpq/resolveuid/ceab9bf1ec3d4341bc0291a759d99ca9
CNPq,Compartilhe por LinkedIn,https://www.linkedin.com/shareArticle?mini=true&url=https://www.gov.br/cnpq/pt-br/chamadas/todas-as-chamadas/chamadas-2026/chamada-no-07-2026/chamada-publica-cnpq-N-07-2026&title=Chamada%20P%C3%BAblica%20CNPq%20N%C2%B0%2007/2026%20-%20Programa%20Institucional%20de%20Bolsas%20de%20P%C3%B3s-Gradua%C3%A7%C3%A3o%20%28PIBPG%29
CNPq,Compartilhe por WhatsApp,https://api.whatsapp.com/send?text=https://www.gov.br/cnpq/pt-br/chamadas/todas-as-chamadas/chamadas-2026/chamada-no-07-2026/chamada-publica-cnpq-N-07-2026
CNPq,Chamamento Público CNPq/FNDCT/MCTI Nº 01/2026 Para Participação no Programa de Apoio à Popularização da Ciência nas Unidades da Federação,https://www.gov.br/cnpq/pt-br/chamadas/todas-as-chamadas/chamadas-2026/chamamento-no-01-2026/chamamento-publico-01-2026
CNPq,Compartilhe por Facebook,http://www.facebook.com/sharer.php?u=https://www.gov.br/cnpq/pt-br/chamadas/todas-as-chamadas/chamadas-2026/chamamento-no-01-2026/chamamento-publico-01-2026
CNPq,Compartilhe por LinkedIn,https://www.linkedin.com/shareArticle?mini=true&url=https://www.gov.br/cnpq/pt-br/chamadas/todas-as-chamadas/chamadas-2026/chamamento-no-01-2026/chamamento-publico-01-2026&title=Chamamento%20P%C3%BAblico%20CNPq/FNDCT/MCTI%20N%C2%BA%2001/2026%20Para%20Participa%C3%A7%C3%A3o%20no%20Programa%20de%20Apoio%20%C3%A0%20Populariza%C3%A7%C3%A3o%20da%20Ci%C3%AAncia%20nas%20Unidades%20da%20Federa%C3%A7%C3%A3o
CNPq,Compartilhe por WhatsApp,https://api.whatsapp.com/send?text=https://www.gov.br/cnpq/pt-br/chamadas/todas-as-chamadas/chamadas-2026/chamamento-no-01-2026/chamamento-publico-01-2026
CNPq,Anexo I - Distribuição dos recursos,https://www.gov.br/cnpq/pt-br/chamadas/todas-as-chamadas/chamadas-2026/chamamento-no-01-2026/Chamamento_01_2026_Anexo_I_PopUF.xlsx
CNPq,Anexo II – Modelo de formulário de proposta,https://www.gov.br/cnpq/pt-br/chamadas/todas-as-chamadas/chamadas-2026/chamamento-no-01-2026/Chamamento_01_2026_PopUF_Anexo_II.pdf
CNPq,Anexo III – Diretrizes acerca dos eixos de atuação,https://www.gov.br/cnpq/pt-br/chamadas/todas-as-chamadas/chamadas-2026/chamamento-no-01-2026/Chamamento_01_2026_PopUF_Anexo_III.pdf
CNPq,Chamada Pública CNPq/MMULHERES Nº 19/2026 - Programa Asas para o Futuro,https://www.gov.br/cnpq/pt-br/chamadas/todas-as-chamadas/chamadas-2026/chamada-no-19-2026/chamada-publica-cnpq-N-19-2026
CNPq,Compartilhe por Facebook,http://www.facebook.com/sharer.php?u=https://www.gov.br/cnpq/pt-br/chamadas/todas-as-chamadas/chamadas-2026/chamada-no-19-2026/chamada-publica-cnpq-N-19-2026
CNPq,Compartilhe por Twitter,https://twitter.com/share?text=Chamada%20P%C3%BAblica%20CNPq/MMULHERES%20N%C2%BA%2019/2026%20-%20Programa%20Asas%20para%20o%20Futuro&url=https://www.gov.br/cnpq/resolveuid/c97ca3867d594bedb8162483c70d866a
CNPq,Compartilhe por LinkedIn,https://www.linkedin.com/shareArticle?mini=true&url=https://www.gov.br/cnpq/pt-br/chamadas/todas-as-chamadas/chamadas-2026/chamada-no-19-2026/chamada-publica-cnpq-N-19-2026&title=Chamada%20P%C3%BAblica%20CNPq/MMULHERES%20N%C2%BA%2019/2026%20-%20Programa%20Asas%20para%20o%20Futuro
CNPq,Compartilhe por WhatsApp,https://api.whatsapp.com/send?text=https://www.gov.br/cnpq/pt-br/chamadas/todas-as-chamadas/chamadas-2026/chamada-no-19-2026/chamada-publica-cnpq-N-19-2026
CNPq,Chamada Pública CNPq/MCTI nº 15/2026 - Programa de Cooperação Afro-Brasileira em Ciência e Tecnologia - PROAFRICA,https://www.gov.br/cnpq/pt-br/chamadas/todas-as-chamadas/chamadas-2026/chamada-no-15-2026/chamada-publica-cnpq-N-15-2026
CNPq,Compartilhe por Facebook,http://www.facebook.com/sharer.php?u=https://www.gov.br/cnpq/pt-br/chamadas/todas-as-chamadas/chamadas-2026/chamada-no-15-2026/chamada-publica-cnpq-N-15-2026
CNPq,Compartilhe por Twitter,https://twitter.com/share?text=Chamada%20P%C3%BAblica%20CNPq/MCTI%20n%C2%BA%2015/2026%20-%20Programa%20de%20Coopera%C3%A7%C3%A3o%20Afro-Brasileira%20em%20Ci%C3%AAncia%20e%20Tecnologia%20-%20PROAFRICA&url=https://www.gov.br/cnpq/resolveuid/320ad8b64f4a4eedb9e0baa0c2c5fd4b
CNPq,Compartilhe por LinkedIn,https://www.linkedin.com/shareArticle?mini=true&url=https://www.gov.br/cnpq/pt-br/chamadas/todas-as-chamadas/chamadas-2026/chamada-no-15-2026/chamada-publica-cnpq-N-15-2026&title=Chamada%20P%C3%BAblica%20CNPq/MCTI%20n%C2%BA%2015/2026%20-%20Programa%20de%20Coopera%C3%A7%C3%A3o%20Afro-Brasileira%20em%20Ci%C3%AAncia%20e%20Tecnologia%20-%20PROAFRICA
CNPq,Compartilhe por WhatsApp,https://api.whatsapp.com/send?text=https://www.gov.br/cnpq/pt-br/chamadas/todas-as-chamadas/chamadas-2026/chamada-no-15-2026/chamada-publica-cnpq-N-15-2026
CNPq,Chamada CNPq/SETEC/MCTI N° 13/2026 - Apoio a Eventos de Promoção do Empreendedorismo e da Inovação no Brasil,https://www.gov.br/cnpq/pt-br/chamadas/todas-as-chamadas/chamadas-2026/chamada-no-13-2026/chamada-publica-cnpq-N-13-2026
CNPq,Compartilhe por Facebook,http://www.facebook.com/sharer.php?u=https://www.gov.br/cnpq/pt-br/chamadas/todas-as-chamadas/chamadas-2026/chamada-no-13-2026/chamada-publica-cnpq-N-13-2026
CNPq,Compartilhe por Twitter,https://twitter.com/share?text=Chamada%20CNPq/SETEC/MCTI%20N%C2%B0%2013/2026%20-%20Apoio%20a%20Eventos%20de%20Promo%C3%A7%C3%A3o%20do%20Empreendedorismo%20e%20da%20Inova%C3%A7%C3%A3o%20no%20Brasil&url=https://www.gov.br/cnpq/resolveuid/ed9b0acdba954a878816077ab8ca65dd
CNPq,Compartilhe por LinkedIn,https://www.linkedin.com/shareArticle?mini=true&url=https://www.gov.br/cnpq/pt-br/chamadas/todas-as-chamadas/chamadas-2026/chamada-no-13-2026/chamada-publica-cnpq-N-13-2026&title=Chamada%20CNPq/SETEC/MCTI%20N%C2%B0%2013/2026%20-%20Apoio%20a%20Eventos%20de%20Promo%C3%A7%C3%A3o%20do%20Empreendedorismo%20e%20da%20Inova%C3%A7%C3%A3o%20no%20Brasil
CNPq,Compartilhe por WhatsApp,https://api.whatsapp.com/send?text=https://www.gov.br/cnpq/pt-br/chamadas/todas-as-chamadas/chamadas-2026/chamada-no-13-2026/chamada-publica-cnpq-N-13-2026
CNPq,Resultado Final - Eventos Internacionais,https://www.gov.br/cnpq/pt-br/chamadas/todas-as-chamadas/chamadas-2026/chamada-no-13-2026/Resultadofinal_chamada_13_2026_eventos_internacionais_2732685.pdf
CNPq,Resultado Final - Eventos Nacionais,https://www.gov.br/cnpq/pt-br/chamadas/todas-as-chamadas/chamadas-2026/chamada-no-13-2026/Resultadofinal_chamada_13_2026_eventos_nacionais_2732680.pdf
CNPq,Resultado Preliminar - Eventos Internacionais,https://www.gov.br/cnpq/pt-br/chamadas/todas-as-chamadas/chamadas-2026/chamada-no-13-2026/resultado_preliminar_eventos_internacionais_chamada_13_2026_2714540.pdf
CNPq,Resultado Preliminar - Eventos Nacionais - 1ª Rodada,https://www.gov.br/cnpq/pt-br/chamadas/todas-as-chamadas/chamadas-2026/chamada-no-13-2026/resultado_preliminar_eventos_nacionais_chamada_13_2026_2714539.pdf
CNPq,Chamada Pública CNPq/ERC Nº 21/2026,https://www.gov.br/cnpq/pt-br/chamadas/todas-as-chamadas/chamadas-2026/chamada-no-21-2026/chamada-publica-cnpq-N-21-2026
CNPq,Compartilhe por Facebook,http://www.facebook.com/sharer.php?u=https://www.gov.br/cnpq/pt-br/chamadas/todas-as-chamadas/chamadas-2026/chamada-no-21-2026/chamada-publica-cnpq-N-21-2026
CNPq,Compartilhe por Twitter,https://twitter.com/share?text=Chamada%20P%C3%BAblica%20CNPq/ERC%20N%C2%BA%2021/2026&url=https://www.gov.br/cnpq/resolveuid/5472255ef00e49fa9b69cdd0370f9978
CNPq,Compartilhe por LinkedIn,https://www.linkedin.com/shareArticle?mini=true&url=https://www.gov.br/cnpq/pt-br/chamadas/todas-as-chamadas/chamadas-2026/chamada-no-21-2026/chamada-publica-cnpq-N-21-2026&title=Chamada%20P%C3%BAblica%20CNPq/ERC%20N%C2%BA%2021/2026
CNPq,Compartilhe por WhatsApp,https://api.whatsapp.com/send?text=https://www.gov.br/cnpq/pt-br/chamadas/todas-as-chamadas/chamadas-2026/chamada-no-21-2026/chamada-publica-cnpq-N-21-2026
CNPq,Chamada Pública CNPq/CAPES/MRE N° 16/2026 - Programa de Estudantes-Convênio de Pós-Graduação (PEC-PG),https://www.gov.br/cnpq/pt-br/chamadas/todas-as-chamadas/chamadas-2026/chamada-no-16-2026/chamada-publica-cnpq-N-16-2026
CNPq,Compartilhe por Facebook,http://www.facebook.com/sharer.php?u=https://www.gov.br/cnpq/pt-br/chamadas/todas-as-chamadas/chamadas-2026/chamada-no-16-2026/chamada-publica-cnpq-N-16-2026
CNPq,Compartilhe por Twitter,https://twitter.com/share?text=Chamada%20P%C3%BAblica%20CNPq/CAPES/MRE%20N%C2%B0%2016/2026%20-%20Programa%20de%20Estudantes-Conv%C3%AAnio%20de%20P%C3%B3s-Gradua%C3%A7%C3%A3o%20%28PEC-PG%29&url=https://www.gov.br/cnpq/resolveuid/cdb52c5c20a14daf970f5b7fa4729afb
CNPq,Compartilhe por LinkedIn,https://www.linkedin.com/shareArticle?mini=true&url=https://www.gov.br/cnpq/pt-br/chamadas/todas-as-chamadas/chamadas-2026/chamada-no-16-2026/chamada-publica-cnpq-N-16-2026&title=Chamada%20P%C3%BAblica%20CNPq/CAPES/MRE%20N%C2%B0%2016/2026%20-%20Programa%20de%20Estudantes-Conv%C3%AAnio%20de%20P%C3%B3s-Gradua%C3%A7%C3%A3o%20%28PEC-PG%29
CNPq,Compartilhe por WhatsApp,https://api.whatsapp.com/send?text=https://www.gov.br/cnpq/pt-br/chamadas/todas-as-chamadas/chamadas-2026/chamada-no-16-2026/chamada-publica-cnpq-N-16-2026
CNPq,Chamada Pública MCTI/CNPq/MIR/MMulheres/MPI Nº 20/2026 Atlânticas - Programa Beatriz Nascimento de Mulheres na Ciência,https://www.gov.br/cnpq/pt-br/chamadas/todas-as-chamadas/chamadas-2026/chamada-no-20-2026/chamada-publica-cnpq-N-20-2026
CNPq,Compartilhe por Facebook,http://www.facebook.com/sharer.php?u=https://www.gov.br/cnpq/pt-br/chamadas/todas-as-chamadas/chamadas-2026/chamada-no-20-2026/chamada-publica-cnpq-N-20-2026
CNPq,Compartilhe por Twitter,https://twitter.com/share?text=Chamada%20P%C3%BAblica%20MCTI/CNPq/MIR/MMulheres/MPI%20N%C2%BA%2020/2026%20Atl%C3%A2nticas%20-%20Programa%20Beatriz%20Nascimento%20de%20Mulheres%20na%20Ci%C3%AAncia&url=https://www.gov.br/cnpq/resolveuid/1201fb9a6b2940a998f5ad25c04ed2db
CNPq,Compartilhe por LinkedIn,https://www.linkedin.com/shareArticle?mini=true&url=https://www.gov.br/cnpq/pt-br/chamadas/todas-as-chamadas/chamadas-2026/chamada-no-20-2026/chamada-publica-cnpq-N-20-2026&title=Chamada%20P%C3%BAblica%20MCTI/CNPq/MIR/MMulheres/MPI%20N%C2%BA%2020/2026%20Atl%C3%A2nticas%20-%20Programa%20Beatriz%20Nascimento%20de%20Mulheres%20na%20Ci%C3%AAncia
CNPq,Compartilhe por WhatsApp,https://api.whatsapp.com/send?text=https://www.gov.br/cnpq/pt-br/chamadas/todas-as-chamadas/chamadas-2026/chamada-no-20-2026/chamada-publica-cnpq-N-20-2026
CNPq,Correspondência entre os campos do formulário de submissão e os documentos exigidos na Chamada,https://www.gov.br/cnpq/pt-br/chamadas/todas-as-chamadas/chamadas-2026/chamada-no-20-2026/lista_conae_2736172.pdf
CAPES,Chamada Pública para Envio de Proposta de Curso Novo - Edital nº 20/2026,[https://www.gov.br](https://www.gov.br)/capes/pt-br/centrais-de-conteudo/editais/edital_2844920.pdf/@@display-file/file
CAPES,Edital Conjunto nº 5/2026 - Programa OBEDUC-EI - Observatório da Educação Especial Inclusiva,[https://www.gov.br](https://www.gov.br)/capes/pt-br/centrais-de-conteudo/editais/edital-no-5.pdf/@@display-file/file
CAPES,Editais e resultados CAPES,[https://www.gov.br](https://www.gov.br)/capes/pt-br/assuntos/editais-e-resultados-capes
EMBRAPII,Chamadas Públicas,https://embrapii.org.br/transparencia/#chamadas
Hub de Economia e Clima,Atualização em Hub de Economia e Clima,https://hubdeeconomiaeclima.org.br/editais/
Hub de Economia e Clima,Atualização em Hub de Economia e Clima,https://hubdeeconomiaeclima.org.br/editais/
Hub de Economia e Clima,Atualização em Hub de Economia e Clima,https://hubdeeconomiaeclima.org.br/editais/
Hub de Economia e Clima,Atualização em Hub de Economia e Clima,https://hubdeeconomiaeclima.org.br/editais/
Hub de Economia e Clima,Atualização em Hub de Economia e Clima,https://hubdeeconomiaeclima.org.br/editais/
Hub de Economia e Clima,Atualização em Hub de Economia e Clima,https://hubdeeconomiaeclima.org.br/editais/
Hub de Economia e Clima,Atualização em Hub de Economia e Clima,https://hubdeeconomiaeclima.org.br/editais/
Hub de Economia e Clima,Atualização em Hub de Economia e Clima,https://hubdeeconomiaeclima.org.br/editais/
Hub de Economia e Clima,Atualização em Hub de Economia e Clima,https://hubdeeconomiaeclima.org.br/editais/
Hub de Economia e Clima,Atualização em Hub de Economia e Clima,https://hubdeeconomiaeclima.org.br/editais/
Hub de Economia e Clima,Atualização em Hub de Economia e Clima,https://hubdeeconomiaeclima.org.br/editais/
Hub de Economia e Clima,Atualização em Hub de Economia e Clima,https://hubdeeconomiaeclima.org.br/editais/
Hub de Economia e Clima,Atualização em Hub de Economia e Clima,https://hubdeeconomiaeclima.org.br/editais/
Hub de Economia e Clima,Atualização em Hub de Economia e Clima,https://hubdeeconomiaeclima.org.br/editais/
Hub de Economia e Clima,Atualização em Hub de Economia e Clima,https://hubdeeconomiaeclima.org.br/editais/
Hub de Economia e Clima,Atualização em Hub de Economia e Clima,https://hubdeeconomiaeclima.org.br/editais/
Hub de Economia e Clima,Atualização em Hub de Economia e Clima,https://hubdeeconomiaeclima.org.br/editais/
Hub de Economia e Clima,Atualização em Hub de Economia e Clima,https://hubdeeconomiaeclima.org.br/editais/
Hub de Economia e Clima,Atualização em Hub de Economia e Clima,https://hubdeeconomiaeclima.org.br/editais/
Hub de Economia e Clima,Atualização em Hub de Economia e Clima,https://hubdeeconomiaeclima.org.br/editais/
Hub de Economia e Clima,Atualização em Hub de Economia e Clima,https://hubdeeconomiaeclima.org.br/editais/
Hub de Economia e Clima,Atualização em Hub de Economia e Clima,https://hubdeeconomiaeclima.org.br/editais/
Hub de Economia e Clima,Atualização em Hub de Economia e Clima,https://hubdeeconomiaeclima.org.br/editais/
Hub de Economia e Clima,Atualização em Hub de Economia e Clima,https://hubdeeconomiaeclima.org.br/editais/
Hub de Economia e Clima,Atualização em Hub de Economia e Clima,https://hubdeeconomiaeclima.org.br/editais/
Hub de Economia e Clima,Atualização em Hub de Economia e Clima,https://hubdeeconomiaeclima.org.br/editais/
Hub de Economia e Clima,Atualização em Hub de Economia e Clima,https://hubdeeconomiaeclima.org.br/editais/
Hub de Economia e Clima,Atualização em Hub de Economia e Clima,https://hubdeeconomiaeclima.org.br/editais/
Hub de Economia e Clima,Atualização em Hub de Economia e Clima,https://hubdeeconomiaeclima.org.br/editais/
Hub de Economia e Clima,Atualização em Hub de Economia e Clima,https://hubdeeconomiaeclima.org.br/editais/
Hub de Economia e Clima,Atualização em Hub de Economia e Clima,https://hubdeeconomiaeclima.org.br/editais/
Hub de Economia e Clima,Atualização em Hub de Economia e Clima,https://hubdeeconomiaeclima.org.br/editais/
Hub de Economia e Clima,Atualização em Hub de Economia e Clima,https://hubdeeconomiaeclima.org.br/editais/
Hub de Economia e Clima,Atualização em Hub de Economia e Clima,https://hubdeeconomiaeclima.org.br/editais/
Hub de Economia e Clima,Atualização em Hub de Economia e Clima,https://hubdeeconomiaeclima.org.br/editais/
Hub de Economia e Clima,Atualização em Hub de Economia e Clima,https://hubdeeconomiaeclima.org.br/editais/
Hub de Economia e Clima,Atualização em Hub de Economia e Clima,https://hubdeeconomiaeclima.org.br/editais/
CNPq,Compartilhe por Twitter,https://twitter.com/share?text=Chamada%20P%C3%BAblica%20CNPq/ERC%20%28Conselho%20Europeu%20de%20Pesquisa%29%20N%C2%BA%2021/2026&url=https://www.gov.br/cnpq/resolveuid/5472255ef00e49fa9b69cdd0370f9978
CNPq,Compartilhe por LinkedIn,https://www.linkedin.com/shareArticle?mini=true&url=https://www.gov.br/cnpq/pt-br/chamadas/todas-as-chamadas/chamadas-2026/chamada-no-21-2026/chamada-publica-cnpq-N-21-2026&title=Chamada%20P%C3%BAblica%20CNPq/ERC%20%28Conselho%20Europeu%20de%20Pesquisa%29%20N%C2%BA%2021/2026
Hub de Economia e Clima,Atualização em Hub de Economia e Clima,https://hubdeeconomiaeclima.org.br/editais/
Hub de Economia e Clima,Atualização em Hub de Economia e Clima,https://hubdeeconomiaeclima.org.br/editais/
Hub de Economia e Clima,Atualização em Hub de Economia e Clima,https://hubdeeconomiaeclima.org.br/editais/
Hub de Economia e Clima,Atualização em Hub de Economia e Clima,https://hubdeeconomiaeclima.org.br/editais/
Hub de Economia e Clima,Atualização em Hub de Economia e Clima,https://hubdeeconomiaeclima.org.br/editais/
Hub de Economia e Clima,Atualização em Hub de Economia e Clima,https://hubdeeconomiaeclima.org.br/editais/
Hub de Economia e Clima,Atualização em Hub de Economia e Clima,https://hubdeeconomiaeclima.org.br/editais/
Hub de Economia e Clima,Atualização em Hub de Economia e Clima,https://hubdeeconomiaeclima.org.br/editais/
Hub de Economia e Clima,Atualização em Hub de Economia e Clima,https://hubdeeconomiaeclima.org.br/editais/
Hub de Economia e Clima,Atualização em Hub de Economia e Clima,https://hubdeeconomiaeclima.org.br/editais/
Hub de Economia e Clima,Atualização em Hub de Economia e Clima,https://hubdeeconomiaeclima.org.br/editais/
Hub de Economia e Clima,Atualização em Hub de Economia e Clima,https://hubdeeconomiaeclima.org.br/editais/
Hub de Economia e Clima,Atualização em Hub de Economia e Clima,https://hubdeeconomiaeclima.org.br/editais/
Hub de Economia e Clima,Atualização em Hub de Economia e Clima,https://hubdeeconomiaeclima.org.br/editais/
Hub de Economia e Clima,Atualização em Hub de Economia e Clima,https://hubdeeconomiaeclima.org.br/editais/
Hub de Economia e Clima,Atualização em Hub de Economia e Clima,https://hubdeeconomiaeclima.org.br/editais/
CNPq,Retificação do Chamamento (incluindo cronograma),https://www.gov.br/cnpq/pt-br/chamadas/todas-as-chamadas/chamadas-2026/chamamento-no-01-2026/Retificacao_01.docx
Hub de Economia e Clima,Atualização em Hub de Economia e Clima,https://hubdeeconomiaeclima.org.br/editais/
Hub de Economia e Clima,Atualização em Hub de Economia e Clima,https://hubdeeconomiaeclima.org.br/editais/
Hub de Economia e Clima,Atualização em Hub de Economia e Clima,https://hubdeeconomiaeclima.org.br/editais/
Hub de Economia e Clima,Atualização em Hub de Economia e Clima,https://hubdeeconomiaeclima.org.br/editais/
Hub de Economia e Clima,Atualização em Hub de Economia e Clima,https://hubdeeconomiaeclima.org.br/editais/
Hub de Economia e Clima,Atualização em Hub de Economia e Clima,https://hubdeeconomiaeclima.org.br/editais/
Hub de Economia e Clima,Atualização em Hub de Economia e Clima,https://hubdeeconomiaeclima.org.br/editais/
CNPq,Chamada Pública CNPq/CAPES Nº 30/2026 – Programa de Mestrado e Doutorado Acadêmico para Inovação – MAI/DAI,https://www.gov.br/cnpq/pt-br/chamadas/todas-as-chamadas/chamadas-2026/chamada-no-30-2026/chamada-publica-cnpq-N-30-2026
CNPq,Compartilhe por Facebook,http://www.facebook.com/sharer.php?u=https://www.gov.br/cnpq/pt-br/chamadas/todas-as-chamadas/chamadas-2026/chamada-no-30-2026/chamada-publica-cnpq-N-30-2026
CNPq,Compartilhe por Twitter,https://twitter.com/share?text=Chamada%20P%C3%BAblica%20CNPq/CAPES%20N%C2%BA%2030/2026%20%E2%80%93%20Programa%20de%20Mestrado%20e%20Doutorado%20Acad%C3%AAmico%20para%20Inova%C3%A7%C3%A3o%20%E2%80%93%20MAI/DAI&url=https://www.gov.br/cnpq/resolveuid/9192d782f3a149619f02d26eadef107b
CNPq,Compartilhe por LinkedIn,https://www.linkedin.com/shareArticle?mini=true&url=https://www.gov.br/cnpq/pt-br/chamadas/todas-as-chamadas/chamadas-2026/chamada-no-30-2026/chamada-publica-cnpq-N-30-2026&title=Chamada%20P%C3%BAblica%20CNPq/CAPES%20N%C2%BA%2030/2026%20%E2%80%93%20Programa%20de%20Mestrado%20e%20Doutorado%20Acad%C3%AAmico%20para%20Inova%C3%A7%C3%A3o%20%E2%80%93%20MAI/DAI
CNPq,Compartilhe por WhatsApp,https://api.whatsapp.com/send?text=https://www.gov.br/cnpq/pt-br/chamadas/todas-as-chamadas/chamadas-2026/chamada-no-30-2026/chamada-publica-cnpq-N-30-2026
CNPq,Chamada Pública CNPq/SETEC/SETAD/MCTI/FNDCT Nº 29/2026 – RHAE IA – Recursos Humanos em Áreas Estratégicas – Pesquisador na Empresa – Inteligência Artificial,https://www.gov.br/cnpq/pt-br/chamadas/todas-as-chamadas/chamadas-2026/chamada-no-29-2026/chamada-publica-cnpq-N-29-2026
CNPq,Compartilhe por Facebook,http://www.facebook.com/sharer.php?u=https://www.gov.br/cnpq/pt-br/chamadas/todas-as-chamadas/chamadas-2026/chamada-no-29-2026/chamada-publica-cnpq-N-29-2026
CNPq,Compartilhe por Twitter,https://twitter.com/share?text=Chamada%20P%C3%BAblica%20CNPq/SETEC/SETAD/MCTI/FNDCT%20N%C2%BA%2029/2026%20%E2%80%93%20RHAE%20IA%20%E2%80%93%20Recursos%20Humanos%20em%20%C3%81reas%20Estrat%C3%A9gicas%20%E2%80%93%20Pesquisador%20na%20Empresa%20%E2%80%93%20Intelig%C3%AAncia%20Artificial&url=https://www.gov.br/cnpq/resolveuid/79e026d80a444d6c8f1b23d96d83ad4e
CNPq,Compartilhe por LinkedIn,https://www.linkedin.com/shareArticle?mini=true&url=https://www.gov.br/cnpq/pt-br/chamadas/todas-as-chamadas/chamadas-2026/chamada-no-29-2026/chamada-publica-cnpq-N-29-2026&title=Chamada%20P%C3%BAblica%20CNPq/SETEC/SETAD/MCTI/FNDCT%20N%C2%BA%2029/2026%20%E2%80%93%20RHAE%20IA%20%E2%80%93%20Recursos%20Humanos%20em%20%C3%81reas%20Estrat%C3%A9gicas%20%E2%80%93%20Pesquisador%20na%20Empresa%20%E2%80%93%20Intelig%C3%AAncia%20Artificial
CNPq,Compartilhe por WhatsApp,https://api.whatsapp.com/send?text=https://www.gov.br/cnpq/pt-br/chamadas/todas-as-chamadas/chamadas-2026/chamada-no-29-2026/chamada-publica-cnpq-N-29-2026
Hub de Economia e Clima,Atualização em Hub de Economia e Clima,https://hubdeeconomiaeclima.org.br/editais/
Hub de Economia e Clima,Atualização em Hub de Economia e Clima,https://hubdeeconomiaeclima.org.br/editais/
Hub de Economia e Clima,Atualização em Hub de Economia e Clima,https://hubdeeconomiaeclima.org.br/editais/
Hub de Economia e Clima,Atualização em Hub de Economia e Clima,https://hubdeeconomiaeclima.org.br/editais/
Hub de Economia e Clima,Atualização em Hub de Economia e Clima,https://hubdeeconomiaeclima.org.br/editais/
Hub de Economia e Clima,Atualização em Hub de Economia e Clima,https://hubdeeconomiaeclima.org.br/editais/
Hub de Economia e Clima,Atualização em Hub de Economia e Clima,https://hubdeeconomiaeclima.org.br/editais/
Hub de Economia e Clima,Atualização em Hub de Economia e Clima,https://hubdeeconomiaeclima.org.br/editais/
Hub de Economia e Clima,Atualização em Hub de Economia e Clima,https://hubdeeconomiaeclima.org.br/editais/
Hub de Economia e Clima,Atualização em Hub de Economia e Clima,https://hubdeeconomiaeclima.org.br/editais/
Hub de Economia e Clima,Atualização em Hub de Economia e Clima,https://hubdeeconomiaeclima.org.br/editais/
Hub de Economia e Clima,Atualização em Hub de Economia e Clima,https://hubdeeconomiaeclima.org.br/editais/
Hub de Economia e Clima,Atualização em Hub de Economia e Clima,https://hubdeeconomiaeclima.org.br/editais/
Hub de Economia e Clima,Atualização em Hub de Economia e Clima,https://hubdeeconomiaeclima.org.br/editais/
Hub de Economia e Clima,Atualização em Hub de Economia e Clima,https://hubdeeconomiaeclima.org.br/editais/
Hub de Economia e Clima,Atualização em Hub de Economia e Clima,https://hubdeeconomiaeclima.org.br/editais/
Hub de Economia e Clima,Atualização em Hub de Economia e Clima,https://hubdeeconomiaeclima.org.br/editais/
Hub de Economia e Clima,Atualização em Hub de Economia e Clima,https://hubdeeconomiaeclima.org.br/editais/
